<?xml version="1.0" encoding="ISO-8859-1" ?>
<link_info>
   <banner>TI ARM Clang Linker PC v4.0.0.LTS</banner>
   <copyright>Copyright (c) 1996-2018 Texas Instruments Incorporated</copyright>
   <command_line>E:\SoftWare\ti\ccstheia151\ccs\tools\compiler\ti-cgt-armllvm_4.0.0.LTS\bin\tiarmlnk -IE:\SoftWare\ti\ccstheia151\ccs\tools\compiler\ti-cgt-armllvm_4.0.0.LTS\lib -o TB6612.out -mTB6612.map -iE:/SoftWare/ti/mspm0_sdk_2_02_00_05/source -iC:/Users/leo/workspace_ccstheia/TB6612/Debug/syscfg -iE:/SoftWare/ti/ccstheia151/ccs/tools/compiler/ti-cgt-armllvm_4.0.0.LTS/lib --diag_wrap=off --display_error_number --warn_sections --xml_link_info=TB6612_linkInfo.xml --rom_model ./syscfg/ti_msp_dl_config.o ./startup_mspm0g350x_ticlang.o ./main.o ./BSP/bsp_tb6612.o -lsyscfg/device_linker.cmd -ldevice.cmd.genlibs -llibc.a --start-group -llibc++.a -llibc++abi.a -llibc.a -llibsys.a -llibsysbm.a -llibclang_rt.builtins.a -llibclang_rt.profile.a --end-group --cg_opt_level=2</command_line>
   <link_time>0x676be61e</link_time>
   <link_errors>0x0</link_errors>
   <output_file>C:\Users\leo\workspace_ccstheia\TB6612\Debug\TB6612.out</output_file>
   <entry_point>
      <name>_c_int00_noargs</name>
      <address>0x3ed</address>
   </entry_point>
   <input_file_list>
      <input_file id="fl-1">
         <path>C:\Users\leo\workspace_ccstheia\TB6612\Debug\.\syscfg\</path>
         <kind>object</kind>
         <file>ti_msp_dl_config.o</file>
         <name>ti_msp_dl_config.o</name>
      </input_file>
      <input_file id="fl-2">
         <path>C:\Users\leo\workspace_ccstheia\TB6612\Debug\.\</path>
         <kind>object</kind>
         <file>startup_mspm0g350x_ticlang.o</file>
         <name>startup_mspm0g350x_ticlang.o</name>
      </input_file>
      <input_file id="fl-3">
         <path>C:\Users\leo\workspace_ccstheia\TB6612\Debug\.\</path>
         <kind>object</kind>
         <file>main.o</file>
         <name>main.o</name>
      </input_file>
      <input_file id="fl-4">
         <path>C:\Users\leo\workspace_ccstheia\TB6612\Debug\.\BSP\</path>
         <kind>object</kind>
         <file>bsp_tb6612.o</file>
         <name>bsp_tb6612.o</name>
      </input_file>
      <input_file id="fl-11">
         <path>C:\Users\leo\workspace_ccstheia\TB6612\Debug\</path>
         <kind>object</kind>
         <file>&lt;internal&gt;</file>
         <name>&lt;internal&gt;</name>
      </input_file>
      <input_file id="fl-12">
         <path>E:\SoftWare\ti\mspm0_sdk_2_02_00_05\source\ti\driverlib\lib\ticlang\m0p\mspm0g1x0x_g3x0x\</path>
         <kind>archive</kind>
         <file>driverlib.a</file>
         <name>dl_common.o</name>
      </input_file>
      <input_file id="fl-13">
         <path>E:\SoftWare\ti\mspm0_sdk_2_02_00_05\source\ti\driverlib\lib\ticlang\m0p\mspm0g1x0x_g3x0x\</path>
         <kind>archive</kind>
         <file>driverlib.a</file>
         <name>dl_timer.o</name>
      </input_file>
      <input_file id="fl-28">
         <path>E:\SoftWare\ti\ccstheia151\ccs\tools\compiler\ti-cgt-armllvm_4.0.0.LTS\lib\armv6m-ti-none-eabi\c\</path>
         <kind>archive</kind>
         <file>libc.a</file>
         <name>boot_cortex_m.c.obj</name>
      </input_file>
      <input_file id="fl-29">
         <path>E:\SoftWare\ti\ccstheia151\ccs\tools\compiler\ti-cgt-armllvm_4.0.0.LTS\lib\armv6m-ti-none-eabi\c\</path>
         <kind>archive</kind>
         <file>libc.a</file>
         <name>mathacl_init.c.obj</name>
      </input_file>
      <input_file id="fl-2a">
         <path>E:\SoftWare\ti\ccstheia151\ccs\tools\compiler\ti-cgt-armllvm_4.0.0.LTS\lib\armv6m-ti-none-eabi\c\</path>
         <kind>archive</kind>
         <file>libc.a</file>
         <name>autoinit.c.obj</name>
      </input_file>
      <input_file id="fl-2b">
         <path>E:\SoftWare\ti\ccstheia151\ccs\tools\compiler\ti-cgt-armllvm_4.0.0.LTS\lib\armv6m-ti-none-eabi\c\</path>
         <kind>archive</kind>
         <file>libc.a</file>
         <name>pre_init.c.obj</name>
      </input_file>
      <input_file id="fl-2c">
         <path>E:\SoftWare\ti\ccstheia151\ccs\tools\compiler\ti-cgt-armllvm_4.0.0.LTS\lib\armv6m-ti-none-eabi\c\</path>
         <kind>archive</kind>
         <file>libc.a</file>
         <name>cpy_tbl.c.obj</name>
      </input_file>
      <input_file id="fl-2d">
         <path>E:\SoftWare\ti\ccstheia151\ccs\tools\compiler\ti-cgt-armllvm_4.0.0.LTS\lib\armv6m-ti-none-eabi\c\</path>
         <kind>archive</kind>
         <file>libc.a</file>
         <name>copy_zero_init.c.obj</name>
      </input_file>
      <input_file id="fl-2e">
         <path>E:\SoftWare\ti\ccstheia151\ccs\tools\compiler\ti-cgt-armllvm_4.0.0.LTS\lib\armv6m-ti-none-eabi\c\</path>
         <kind>archive</kind>
         <file>libc.a</file>
         <name>copy_decompress_none.c.obj</name>
      </input_file>
      <input_file id="fl-2f">
         <path>E:\SoftWare\ti\ccstheia151\ccs\tools\compiler\ti-cgt-armllvm_4.0.0.LTS\lib\armv6m-ti-none-eabi\c\</path>
         <kind>archive</kind>
         <file>libc.a</file>
         <name>copy_decompress_lzss.c.obj</name>
      </input_file>
      <input_file id="fl-30">
         <path>E:\SoftWare\ti\ccstheia151\ccs\tools\compiler\ti-cgt-armllvm_4.0.0.LTS\lib\armv6m-ti-none-eabi\c\</path>
         <kind>archive</kind>
         <file>libc.a</file>
         <name>exit.c.obj</name>
      </input_file>
      <input_file id="fl-31">
         <path>E:\SoftWare\ti\ccstheia151\ccs\tools\compiler\ti-cgt-armllvm_4.0.0.LTS\lib\armv6m-ti-none-eabi\c\</path>
         <kind>archive</kind>
         <file>libc.a</file>
         <name>_lock.c.obj</name>
      </input_file>
      <input_file id="fl-32">
         <path>E:\SoftWare\ti\ccstheia151\ccs\tools\compiler\ti-cgt-armllvm_4.0.0.LTS\lib\armv6m-ti-none-eabi\c\</path>
         <kind>archive</kind>
         <file>libc.a</file>
         <name>args_main.c.obj</name>
      </input_file>
      <input_file id="fl-c8">
         <path>E:\SoftWare\ti\ccstheia151\ccs\tools\compiler\ti-cgt-armllvm_4.0.0.LTS\lib\armv6m-ti-none-eabi\</path>
         <kind>archive</kind>
         <file>libclang_rt.builtins.a</file>
         <name>aeabi_memcpy.S.obj</name>
      </input_file>
      <input_file id="fl-c9">
         <path>E:\SoftWare\ti\ccstheia151\ccs\tools\compiler\ti-cgt-armllvm_4.0.0.LTS\lib\armv6m-ti-none-eabi\</path>
         <kind>archive</kind>
         <file>libclang_rt.builtins.a</file>
         <name>aeabi_memset.S.obj</name>
      </input_file>
      <input_file id="fl-ca">
         <path>E:\SoftWare\ti\ccstheia151\ccs\tools\compiler\ti-cgt-armllvm_4.0.0.LTS\lib\armv6m-ti-none-eabi\c\</path>
         <kind>archive</kind>
         <file>libc.a</file>
         <name>memcpy16.S.obj</name>
      </input_file>
      <input_file id="fl-cb">
         <path>E:\SoftWare\ti\ccstheia151\ccs\tools\compiler\ti-cgt-armllvm_4.0.0.LTS\lib\armv6m-ti-none-eabi\c\</path>
         <kind>archive</kind>
         <file>libc.a</file>
         <name>memset16.S.obj</name>
      </input_file>
   </input_file_list>
   <object_component_list>
      <object_component id="oc-18">
         <name>.intvecs</name>
         <load_address>0x0</load_address>
         <readonly>true</readonly>
         <run_address>0x0</run_address>
         <size>0xc0</size>
         <alignment>0x4</alignment>
         <input_file_ref idref="fl-2"/>
      </object_component>
      <object_component id="oc-cd">
         <name>.text.DL_Timer_initFourCCPWMMode</name>
         <load_address>0xc0</load_address>
         <readonly>true</readonly>
         <executable>true</executable>
         <run_address>0xc0</run_address>
         <size>0x108</size>
         <alignment>0x4</alignment>
         <input_file_ref idref="fl-13"/>
      </object_component>
      <object_component id="oc-af">
         <name>.text.SYSCFG_DL_PWM_1_init</name>
         <load_address>0x1c8</load_address>
         <readonly>true</readonly>
         <executable>true</executable>
         <run_address>0x1c8</run_address>
         <size>0x80</size>
         <alignment>0x4</alignment>
         <input_file_ref idref="fl-1"/>
      </object_component>
      <object_component id="oc-63">
         <name>.text.main</name>
         <load_address>0x248</load_address>
         <readonly>true</readonly>
         <executable>true</executable>
         <run_address>0x248</run_address>
         <size>0x50</size>
         <alignment>0x4</alignment>
         <input_file_ref idref="fl-3"/>
      </object_component>
      <object_component id="oc-ad">
         <name>.text.SYSCFG_DL_SYSCTL_init</name>
         <load_address>0x298</load_address>
         <readonly>true</readonly>
         <executable>true</executable>
         <run_address>0x298</run_address>
         <size>0x40</size>
         <alignment>0x4</alignment>
         <input_file_ref idref="fl-1"/>
      </object_component>
      <object_component id="oc-92">
         <name>.text:__TI_auto_init_nobinit_nopinit</name>
         <load_address>0x2d8</load_address>
         <readonly>true</readonly>
         <executable>true</executable>
         <run_address>0x2d8</run_address>
         <size>0x3c</size>
         <alignment>0x4</alignment>
         <input_file_ref idref="fl-2a"/>
      </object_component>
      <object_component id="oc-81">
         <name>.text.A_control</name>
         <load_address>0x314</load_address>
         <readonly>true</readonly>
         <executable>true</executable>
         <run_address>0x314</run_address>
         <size>0x38</size>
         <alignment>0x4</alignment>
         <input_file_ref idref="fl-4"/>
      </object_component>
      <object_component id="oc-ac">
         <name>.text.SYSCFG_DL_GPIO_init</name>
         <load_address>0x34c</load_address>
         <readonly>true</readonly>
         <executable>true</executable>
         <run_address>0x34c</run_address>
         <size>0x38</size>
         <alignment>0x4</alignment>
         <input_file_ref idref="fl-1"/>
      </object_component>
      <object_component id="oc-87">
         <name>.text.B_control</name>
         <load_address>0x384</load_address>
         <readonly>true</readonly>
         <executable>true</executable>
         <run_address>0x384</run_address>
         <size>0x34</size>
         <alignment>0x4</alignment>
         <input_file_ref idref="fl-4"/>
      </object_component>
      <object_component id="oc-ab">
         <name>.text.SYSCFG_DL_initPower</name>
         <load_address>0x3b8</load_address>
         <readonly>true</readonly>
         <executable>true</executable>
         <run_address>0x3b8</run_address>
         <size>0x34</size>
         <alignment>0x4</alignment>
         <input_file_ref idref="fl-1"/>
      </object_component>
      <object_component id="oc-4f">
         <name>.text:_c_int00_noargs</name>
         <load_address>0x3ec</load_address>
         <readonly>true</readonly>
         <executable>true</executable>
         <run_address>0x3ec</run_address>
         <size>0x28</size>
         <alignment>0x4</alignment>
         <input_file_ref idref="fl-28"/>
      </object_component>
      <object_component id="oc-7c">
         <name>.text.SYSCFG_DL_init</name>
         <load_address>0x414</load_address>
         <readonly>true</readonly>
         <executable>true</executable>
         <run_address>0x414</run_address>
         <size>0x20</size>
         <alignment>0x4</alignment>
         <input_file_ref idref="fl-1"/>
      </object_component>
      <object_component id="oc-cf">
         <name>.text.DL_Timer_setCaptCompUpdateMethod</name>
         <load_address>0x434</load_address>
         <readonly>true</readonly>
         <executable>true</executable>
         <run_address>0x434</run_address>
         <size>0x1c</size>
         <alignment>0x4</alignment>
         <input_file_ref idref="fl-13"/>
      </object_component>
      <object_component id="oc-cc">
         <name>.text.DL_Timer_setClockConfig</name>
         <load_address>0x450</load_address>
         <readonly>true</readonly>
         <executable>true</executable>
         <run_address>0x450</run_address>
         <size>0x1c</size>
         <alignment>0x4</alignment>
         <input_file_ref idref="fl-13"/>
      </object_component>
      <object_component id="oc-ce">
         <name>.text.DL_Timer_setCaptureCompareOutCtl</name>
         <load_address>0x46c</load_address>
         <readonly>true</readonly>
         <executable>true</executable>
         <run_address>0x46c</run_address>
         <size>0x18</size>
         <alignment>0x4</alignment>
         <input_file_ref idref="fl-13"/>
      </object_component>
      <object_component id="oc-46">
         <name>.text:decompress:ZI:__TI_zero_init_nomemset</name>
         <load_address>0x484</load_address>
         <readonly>true</readonly>
         <executable>true</executable>
         <run_address>0x484</run_address>
         <size>0x16</size>
         <alignment>0x2</alignment>
         <input_file_ref idref="fl-2d"/>
      </object_component>
      <object_component id="oc-33">
         <name>.text.Default_Handler</name>
         <load_address>0x49a</load_address>
         <readonly>true</readonly>
         <executable>true</executable>
         <run_address>0x49a</run_address>
         <size>0x2</size>
         <alignment>0x2</alignment>
         <input_file_ref idref="fl-2"/>
      </object_component>
      <object_component id="oc-b3">
         <name>.text.DL_Timer_setCaptureCompareValue</name>
         <load_address>0x49c</load_address>
         <readonly>true</readonly>
         <executable>true</executable>
         <run_address>0x49c</run_address>
         <size>0x10</size>
         <alignment>0x4</alignment>
         <input_file_ref idref="fl-13"/>
      </object_component>
      <object_component id="oc-c8">
         <name>.text.DL_Common_delayCycles</name>
         <load_address>0x4ac</load_address>
         <readonly>true</readonly>
         <executable>true</executable>
         <run_address>0x4ac</run_address>
         <size>0xa</size>
         <alignment>0x2</alignment>
         <input_file_ref idref="fl-12"/>
      </object_component>
      <object_component id="oc-2f">
         <name>.text.Reset_Handler</name>
         <load_address>0x4b6</load_address>
         <readonly>true</readonly>
         <executable>true</executable>
         <run_address>0x4b6</run_address>
         <size>0x4</size>
         <alignment>0x2</alignment>
         <input_file_ref idref="fl-2"/>
      </object_component>
      <object_component id="oc-5f">
         <name>.text._system_pre_init</name>
         <load_address>0x4ba</load_address>
         <readonly>true</readonly>
         <executable>true</executable>
         <run_address>0x4ba</run_address>
         <size>0x4</size>
         <alignment>0x2</alignment>
         <input_file_ref idref="fl-2b"/>
      </object_component>
      <object_component id="oc-8b">
         <name>.text:abort</name>
         <load_address>0x4be</load_address>
         <readonly>true</readonly>
         <executable>true</executable>
         <run_address>0x4be</run_address>
         <size>0x4</size>
         <alignment>0x2</alignment>
         <input_file_ref idref="fl-30"/>
      </object_component>
      <object_component id="oc-121">
         <name>.cinit..bss.load</name>
         <load_address>0x4d8</load_address>
         <readonly>true</readonly>
         <run_address>0x4d8</run_address>
         <size>0x8</size>
         <alignment>0x4</alignment>
      </object_component>
      <object_component id="oc-11f">
         <name>__TI_handler_table</name>
         <load_address>0x4e0</load_address>
         <readonly>true</readonly>
         <run_address>0x4e0</run_address>
         <size>0x4</size>
         <alignment>0x4</alignment>
      </object_component>
      <object_component id="oc-120">
         <name>__TI_cinit_table</name>
         <load_address>0x4e4</load_address>
         <readonly>true</readonly>
         <run_address>0x4e4</run_address>
         <size>0x8</size>
         <alignment>0x4</alignment>
      </object_component>
      <object_component id="oc-d1">
         <name>.rodata.gPWM_1Config</name>
         <load_address>0x4c8</load_address>
         <readonly>true</readonly>
         <run_address>0x4c8</run_address>
         <size>0x8</size>
         <alignment>0x4</alignment>
         <input_file_ref idref="fl-1"/>
      </object_component>
      <object_component id="oc-d0">
         <name>.rodata.gPWM_1ClockConfig</name>
         <load_address>0x4d0</load_address>
         <readonly>true</readonly>
         <run_address>0x4d0</run_address>
         <size>0x3</size>
         <alignment>0x1</alignment>
         <input_file_ref idref="fl-1"/>
      </object_component>
      <object_component id="oc-e9">
         <name>.binit</name>
         <load_address>0x0</load_address>
         <readonly>true</readonly>
         <run_address>0x0</run_address>
         <size>0x0</size>
         <alignment>0x4</alignment>
      </object_component>
      <object_component id="oc-b0">
         <name>.common:gPWM_1Backup</name>
         <uninitialized>true</uninitialized>
         <readwrite>true</readwrite>
         <run_address>0x20200000</run_address>
         <size>0xbc</size>
         <alignment>0x4</alignment>
      </object_component>
      <object_component id="oc-1a">
         <name>.stack</name>
         <uninitialized>true</uninitialized>
         <readwrite>true</readwrite>
         <run_address>0x20203e00</run_address>
         <size>0x4</size>
         <alignment>0x4</alignment>
         <input_file_ref idref="fl-28"/>
      </object_component>
      <object_component id="oc-123">
         <name>.stack</name>
         <uninitialized>true</uninitialized>
         <readwrite>true</readwrite>
         <run_address>0x20203e00</run_address>
         <size>0x0</size>
         <alignment>0x8</alignment>
      </object_component>
      <object_component id="oc-ae">
         <name>.debug_loc</name>
         <load_address>0x0</load_address>
         <run_address>0x0</run_address>
         <size>0x92</size>
         <alignment>0x1</alignment>
         <input_file_ref idref="fl-1"/>
      </object_component>
      <object_component id="oc-8a">
         <name>.debug_loc</name>
         <load_address>0x92</load_address>
         <run_address>0x92</run_address>
         <size>0x26</size>
         <alignment>0x1</alignment>
         <input_file_ref idref="fl-3"/>
      </object_component>
      <object_component id="oc-84">
         <name>.debug_loc</name>
         <load_address>0xb8</load_address>
         <run_address>0xb8</run_address>
         <size>0xb2</size>
         <alignment>0x1</alignment>
         <input_file_ref idref="fl-4"/>
      </object_component>
      <object_component id="oc-df">
         <name>.debug_loc</name>
         <load_address>0x16a</load_address>
         <run_address>0x16a</run_address>
         <size>0x13</size>
         <alignment>0x1</alignment>
         <input_file_ref idref="fl-12"/>
      </object_component>
      <object_component id="oc-b6">
         <name>.debug_loc</name>
         <load_address>0x17d</load_address>
         <run_address>0x17d</run_address>
         <size>0x1879</size>
         <alignment>0x1</alignment>
         <input_file_ref idref="fl-13"/>
      </object_component>
      <object_component id="oc-3a">
         <name>.debug_loc</name>
         <load_address>0x19f6</load_address>
         <run_address>0x19f6</run_address>
         <size>0xd8</size>
         <alignment>0x1</alignment>
         <input_file_ref idref="fl-28"/>
      </object_component>
      <object_component id="oc-96">
         <name>.debug_loc</name>
         <load_address>0x1ace</load_address>
         <run_address>0x1ace</run_address>
         <size>0x424</size>
         <alignment>0x1</alignment>
         <input_file_ref idref="fl-2a"/>
      </object_component>
      <object_component id="oc-49">
         <name>.debug_loc</name>
         <load_address>0x1ef2</load_address>
         <run_address>0x1ef2</run_address>
         <size>0x16c</size>
         <alignment>0x1</alignment>
         <input_file_ref idref="fl-2d"/>
      </object_component>
      <object_component id="oc-91">
         <name>.debug_loc</name>
         <load_address>0x205e</load_address>
         <run_address>0x205e</run_address>
         <size>0x26</size>
         <alignment>0x1</alignment>
         <input_file_ref idref="fl-30"/>
      </object_component>
      <object_component id="oc-b1">
         <name>.debug_abbrev</name>
         <load_address>0x0</load_address>
         <run_address>0x0</run_address>
         <size>0x20a</size>
         <alignment>0x1</alignment>
         <input_file_ref idref="fl-1"/>
      </object_component>
      <object_component id="oc-34">
         <name>.debug_abbrev</name>
         <load_address>0x20a</load_address>
         <run_address>0x20a</run_address>
         <size>0x6d</size>
         <alignment>0x1</alignment>
         <input_file_ref idref="fl-2"/>
      </object_component>
      <object_component id="oc-88">
         <name>.debug_abbrev</name>
         <load_address>0x277</load_address>
         <run_address>0x277</run_address>
         <size>0x138</size>
         <alignment>0x1</alignment>
         <input_file_ref idref="fl-3"/>
      </object_component>
      <object_component id="oc-b9">
         <name>.debug_abbrev</name>
         <load_address>0x3af</load_address>
         <run_address>0x3af</run_address>
         <size>0xe2</size>
         <alignment>0x1</alignment>
         <input_file_ref idref="fl-4"/>
      </object_component>
      <object_component id="oc-dd">
         <name>.debug_abbrev</name>
         <load_address>0x491</load_address>
         <run_address>0x491</run_address>
         <size>0x62</size>
         <alignment>0x1</alignment>
         <input_file_ref idref="fl-12"/>
      </object_component>
      <object_component id="oc-d2">
         <name>.debug_abbrev</name>
         <load_address>0x4f3</load_address>
         <run_address>0x4f3</run_address>
         <size>0x23b</size>
         <alignment>0x1</alignment>
         <input_file_ref idref="fl-13"/>
      </object_component>
      <object_component id="oc-36">
         <name>.debug_abbrev</name>
         <load_address>0x72e</load_address>
         <run_address>0x72e</run_address>
         <size>0xaf</size>
         <alignment>0x1</alignment>
         <input_file_ref idref="fl-28"/>
      </object_component>
      <object_component id="oc-c1">
         <name>.debug_abbrev</name>
         <load_address>0x7dd</load_address>
         <run_address>0x7dd</run_address>
         <size>0x170</size>
         <alignment>0x1</alignment>
         <input_file_ref idref="fl-2a"/>
      </object_component>
      <object_component id="oc-7a">
         <name>.debug_abbrev</name>
         <load_address>0x94d</load_address>
         <run_address>0x94d</run_address>
         <size>0x39</size>
         <alignment>0x1</alignment>
         <input_file_ref idref="fl-2b"/>
      </object_component>
      <object_component id="oc-58">
         <name>.debug_abbrev</name>
         <load_address>0x986</load_address>
         <run_address>0x986</run_address>
         <size>0xc2</size>
         <alignment>0x1</alignment>
         <input_file_ref idref="fl-2d"/>
      </object_component>
      <object_component id="oc-bb">
         <name>.debug_abbrev</name>
         <load_address>0xa48</load_address>
         <run_address>0xa48</run_address>
         <size>0xb3</size>
         <alignment>0x1</alignment>
         <input_file_ref idref="fl-30"/>
      </object_component>
      <object_component id="oc-125">
         <name>.debug_abbrev</name>
         <load_address>0xafb</load_address>
         <run_address>0xafb</run_address>
         <size>0xf</size>
         <alignment>0x0</alignment>
      </object_component>
      <object_component id="oc-7d">
         <name>.debug_info</name>
         <load_address>0x0</load_address>
         <run_address>0x0</run_address>
         <size>0x2d64</size>
         <alignment>0x1</alignment>
         <input_file_ref idref="fl-1"/>
      </object_component>
      <object_component id="oc-19">
         <name>.debug_info</name>
         <load_address>0x2d64</load_address>
         <run_address>0x2d64</run_address>
         <size>0x80</size>
         <alignment>0x1</alignment>
         <input_file_ref idref="fl-2"/>
      </object_component>
      <object_component id="oc-64">
         <name>.debug_info</name>
         <load_address>0x2de4</load_address>
         <run_address>0x2de4</run_address>
         <size>0x73e</size>
         <alignment>0x1</alignment>
         <input_file_ref idref="fl-3"/>
      </object_component>
      <object_component id="oc-86">
         <name>.debug_info</name>
         <load_address>0x3522</load_address>
         <run_address>0x3522</run_address>
         <size>0xd52</size>
         <alignment>0x1</alignment>
         <input_file_ref idref="fl-4"/>
      </object_component>
      <object_component id="oc-cb">
         <name>.debug_info</name>
         <load_address>0x4274</load_address>
         <run_address>0x4274</run_address>
         <size>0x75</size>
         <alignment>0x1</alignment>
         <input_file_ref idref="fl-12"/>
      </object_component>
      <object_component id="oc-b4">
         <name>.debug_info</name>
         <load_address>0x42e9</load_address>
         <run_address>0x42e9</run_address>
         <size>0x2f4b</size>
         <alignment>0x1</alignment>
         <input_file_ref idref="fl-13"/>
      </object_component>
      <object_component id="oc-1b">
         <name>.debug_info</name>
         <load_address>0x7234</load_address>
         <run_address>0x7234</run_address>
         <size>0x423</size>
         <alignment>0x1</alignment>
         <input_file_ref idref="fl-28"/>
      </object_component>
      <object_component id="oc-95">
         <name>.debug_info</name>
         <load_address>0x7657</load_address>
         <run_address>0x7657</run_address>
         <size>0x744</size>
         <alignment>0x1</alignment>
         <input_file_ref idref="fl-2a"/>
      </object_component>
      <object_component id="oc-62">
         <name>.debug_info</name>
         <load_address>0x7d9b</load_address>
         <run_address>0x7d9b</run_address>
         <size>0x46</size>
         <alignment>0x1</alignment>
         <input_file_ref idref="fl-2b"/>
      </object_component>
      <object_component id="oc-4a">
         <name>.debug_info</name>
         <load_address>0x7de1</load_address>
         <run_address>0x7de1</run_address>
         <size>0x192</size>
         <alignment>0x1</alignment>
         <input_file_ref idref="fl-2d"/>
      </object_component>
      <object_component id="oc-8d">
         <name>.debug_info</name>
         <load_address>0x7f73</load_address>
         <run_address>0x7f73</run_address>
         <size>0xed</size>
         <alignment>0x1</alignment>
         <input_file_ref idref="fl-30"/>
      </object_component>
      <object_component id="oc-124">
         <name>.debug_info</name>
         <load_address>0x8060</load_address>
         <run_address>0x8060</run_address>
         <size>0xa0</size>
         <alignment>0x0</alignment>
      </object_component>
      <object_component id="oc-7e">
         <name>.debug_ranges</name>
         <load_address>0x0</load_address>
         <run_address>0x0</run_address>
         <size>0x40</size>
         <alignment>0x1</alignment>
         <input_file_ref idref="fl-1"/>
      </object_component>
      <object_component id="oc-30">
         <name>.debug_ranges</name>
         <load_address>0x40</load_address>
         <run_address>0x40</run_address>
         <size>0x18</size>
         <alignment>0x1</alignment>
         <input_file_ref idref="fl-2"/>
      </object_component>
      <object_component id="oc-65">
         <name>.debug_ranges</name>
         <load_address>0x58</load_address>
         <run_address>0x58</run_address>
         <size>0x18</size>
         <alignment>0x1</alignment>
         <input_file_ref idref="fl-3"/>
      </object_component>
      <object_component id="oc-82">
         <name>.debug_ranges</name>
         <load_address>0x70</load_address>
         <run_address>0x70</run_address>
         <size>0x18</size>
         <alignment>0x1</alignment>
         <input_file_ref idref="fl-4"/>
      </object_component>
      <object_component id="oc-b5">
         <name>.debug_ranges</name>
         <load_address>0x88</load_address>
         <run_address>0x88</run_address>
         <size>0x168</size>
         <alignment>0x1</alignment>
         <input_file_ref idref="fl-13"/>
      </object_component>
      <object_component id="oc-39">
         <name>.debug_ranges</name>
         <load_address>0x1f0</load_address>
         <run_address>0x1f0</run_address>
         <size>0x48</size>
         <alignment>0x1</alignment>
         <input_file_ref idref="fl-28"/>
      </object_component>
      <object_component id="oc-94">
         <name>.debug_ranges</name>
         <load_address>0x238</load_address>
         <run_address>0x238</run_address>
         <size>0x48</size>
         <alignment>0x1</alignment>
         <input_file_ref idref="fl-2a"/>
      </object_component>
      <object_component id="oc-48">
         <name>.debug_ranges</name>
         <load_address>0x280</load_address>
         <run_address>0x280</run_address>
         <size>0x18</size>
         <alignment>0x1</alignment>
         <input_file_ref idref="fl-2d"/>
      </object_component>
      <object_component id="oc-8c">
         <name>.debug_ranges</name>
         <load_address>0x298</load_address>
         <run_address>0x298</run_address>
         <size>0x18</size>
         <alignment>0x1</alignment>
         <input_file_ref idref="fl-30"/>
      </object_component>
      <object_component id="oc-b2">
         <name>.debug_str</name>
         <load_address>0x0</load_address>
         <run_address>0x0</run_address>
         <size>0x1de4</size>
         <alignment>0x1</alignment>
         <input_file_ref idref="fl-1"/>
      </object_component>
      <object_component id="oc-35">
         <name>.debug_str</name>
         <load_address>0x1de4</load_address>
         <run_address>0x1de4</run_address>
         <size>0x160</size>
         <alignment>0x1</alignment>
         <input_file_ref idref="fl-2"/>
      </object_component>
      <object_component id="oc-89">
         <name>.debug_str</name>
         <load_address>0x1f44</load_address>
         <run_address>0x1f44</run_address>
         <size>0x3cd</size>
         <alignment>0x1</alignment>
         <input_file_ref idref="fl-3"/>
      </object_component>
      <object_component id="oc-ba">
         <name>.debug_str</name>
         <load_address>0x2311</load_address>
         <run_address>0x2311</run_address>
         <size>0x6b5</size>
         <alignment>0x1</alignment>
         <input_file_ref idref="fl-4"/>
      </object_component>
      <object_component id="oc-de">
         <name>.debug_str</name>
         <load_address>0x29c6</load_address>
         <run_address>0x29c6</run_address>
         <size>0x177</size>
         <alignment>0x1</alignment>
         <input_file_ref idref="fl-12"/>
      </object_component>
      <object_component id="oc-d3">
         <name>.debug_str</name>
         <load_address>0x2b3d</load_address>
         <run_address>0x2b3d</run_address>
         <size>0x1c1d</size>
         <alignment>0x1</alignment>
         <input_file_ref idref="fl-13"/>
      </object_component>
      <object_component id="oc-37">
         <name>.debug_str</name>
         <load_address>0x475a</load_address>
         <run_address>0x475a</run_address>
         <size>0x225</size>
         <alignment>0x1</alignment>
         <input_file_ref idref="fl-28"/>
      </object_component>
      <object_component id="oc-c2">
         <name>.debug_str</name>
         <load_address>0x497f</load_address>
         <run_address>0x497f</run_address>
         <size>0x32f</size>
         <alignment>0x1</alignment>
         <input_file_ref idref="fl-2a"/>
      </object_component>
      <object_component id="oc-7b">
         <name>.debug_str</name>
         <load_address>0x4cae</load_address>
         <run_address>0x4cae</run_address>
         <size>0xf5</size>
         <alignment>0x1</alignment>
         <input_file_ref idref="fl-2b"/>
      </object_component>
      <object_component id="oc-59">
         <name>.debug_str</name>
         <load_address>0x4da3</load_address>
         <run_address>0x4da3</run_address>
         <size>0x19b</size>
         <alignment>0x1</alignment>
         <input_file_ref idref="fl-2d"/>
      </object_component>
      <object_component id="oc-bc">
         <name>.debug_str</name>
         <load_address>0x4f3e</load_address>
         <run_address>0x4f3e</run_address>
         <size>0x13f</size>
         <alignment>0x1</alignment>
         <input_file_ref idref="fl-30"/>
      </object_component>
      <object_component id="oc-80">
         <name>.debug_frame</name>
         <load_address>0x0</load_address>
         <run_address>0x0</run_address>
         <size>0xb8</size>
         <alignment>0x4</alignment>
         <input_file_ref idref="fl-1"/>
      </object_component>
      <object_component id="oc-31">
         <name>.debug_frame</name>
         <load_address>0xb8</load_address>
         <run_address>0xb8</run_address>
         <size>0x30</size>
         <alignment>0x4</alignment>
         <input_file_ref idref="fl-2"/>
      </object_component>
      <object_component id="oc-66">
         <name>.debug_frame</name>
         <load_address>0xe8</load_address>
         <run_address>0xe8</run_address>
         <size>0x30</size>
         <alignment>0x4</alignment>
         <input_file_ref idref="fl-3"/>
      </object_component>
      <object_component id="oc-83">
         <name>.debug_frame</name>
         <load_address>0x118</load_address>
         <run_address>0x118</run_address>
         <size>0x40</size>
         <alignment>0x4</alignment>
         <input_file_ref idref="fl-4"/>
      </object_component>
      <object_component id="oc-c9">
         <name>.debug_frame</name>
         <load_address>0x158</load_address>
         <run_address>0x158</run_address>
         <size>0x20</size>
         <alignment>0x4</alignment>
         <input_file_ref idref="fl-12"/>
      </object_component>
      <object_component id="oc-b8">
         <name>.debug_frame</name>
         <load_address>0x178</load_address>
         <run_address>0x178</run_address>
         <size>0x3e0</size>
         <alignment>0x4</alignment>
         <input_file_ref idref="fl-13"/>
      </object_component>
      <object_component id="oc-4e">
         <name>.debug_frame</name>
         <load_address>0x558</load_address>
         <run_address>0x558</run_address>
         <size>0x90</size>
         <alignment>0x4</alignment>
         <input_file_ref idref="fl-28"/>
      </object_component>
      <object_component id="oc-97">
         <name>.debug_frame</name>
         <load_address>0x5e8</load_address>
         <run_address>0x5e8</run_address>
         <size>0x100</size>
         <alignment>0x4</alignment>
         <input_file_ref idref="fl-2a"/>
      </object_component>
      <object_component id="oc-60">
         <name>.debug_frame</name>
         <load_address>0x6e8</load_address>
         <run_address>0x6e8</run_address>
         <size>0x20</size>
         <alignment>0x4</alignment>
         <input_file_ref idref="fl-2b"/>
      </object_component>
      <object_component id="oc-47">
         <name>.debug_frame</name>
         <load_address>0x708</load_address>
         <run_address>0x708</run_address>
         <size>0x38</size>
         <alignment>0x4</alignment>
         <input_file_ref idref="fl-2d"/>
      </object_component>
      <object_component id="oc-8e">
         <name>.debug_frame</name>
         <load_address>0x740</load_address>
         <run_address>0x740</run_address>
         <size>0x30</size>
         <alignment>0x4</alignment>
         <input_file_ref idref="fl-30"/>
      </object_component>
      <object_component id="oc-7f">
         <name>.debug_line</name>
         <load_address>0x0</load_address>
         <run_address>0x0</run_address>
         <size>0x4ce</size>
         <alignment>0x1</alignment>
         <input_file_ref idref="fl-1"/>
      </object_component>
      <object_component id="oc-32">
         <name>.debug_line</name>
         <load_address>0x4ce</load_address>
         <run_address>0x4ce</run_address>
         <size>0xc1</size>
         <alignment>0x1</alignment>
         <input_file_ref idref="fl-2"/>
      </object_component>
      <object_component id="oc-67">
         <name>.debug_line</name>
         <load_address>0x58f</load_address>
         <run_address>0x58f</run_address>
         <size>0x24c</size>
         <alignment>0x1</alignment>
         <input_file_ref idref="fl-3"/>
      </object_component>
      <object_component id="oc-85">
         <name>.debug_line</name>
         <load_address>0x7db</load_address>
         <run_address>0x7db</run_address>
         <size>0x23a</size>
         <alignment>0x1</alignment>
         <input_file_ref idref="fl-4"/>
      </object_component>
      <object_component id="oc-ca">
         <name>.debug_line</name>
         <load_address>0xa15</load_address>
         <run_address>0xa15</run_address>
         <size>0xe4</size>
         <alignment>0x1</alignment>
         <input_file_ref idref="fl-12"/>
      </object_component>
      <object_component id="oc-b7">
         <name>.debug_line</name>
         <load_address>0xaf9</load_address>
         <run_address>0xaf9</run_address>
         <size>0x15e8</size>
         <alignment>0x1</alignment>
         <input_file_ref idref="fl-13"/>
      </object_component>
      <object_component id="oc-38">
         <name>.debug_line</name>
         <load_address>0x20e1</load_address>
         <run_address>0x20e1</run_address>
         <size>0x1dc</size>
         <alignment>0x1</alignment>
         <input_file_ref idref="fl-28"/>
      </object_component>
      <object_component id="oc-93">
         <name>.debug_line</name>
         <load_address>0x22bd</load_address>
         <run_address>0x22bd</run_address>
         <size>0x51a</size>
         <alignment>0x1</alignment>
         <input_file_ref idref="fl-2a"/>
      </object_component>
      <object_component id="oc-61">
         <name>.debug_line</name>
         <load_address>0x27d7</load_address>
         <run_address>0x27d7</run_address>
         <size>0x3e</size>
         <alignment>0x1</alignment>
         <input_file_ref idref="fl-2b"/>
      </object_component>
      <object_component id="oc-4b">
         <name>.debug_line</name>
         <load_address>0x2815</load_address>
         <run_address>0x2815</run_address>
         <size>0xfe</size>
         <alignment>0x1</alignment>
         <input_file_ref idref="fl-2d"/>
      </object_component>
      <object_component id="oc-8f">
         <name>.debug_line</name>
         <load_address>0x2913</load_address>
         <run_address>0x2913</run_address>
         <size>0x69</size>
         <alignment>0x1</alignment>
         <input_file_ref idref="fl-30"/>
      </object_component>
   </object_component_list>
   <logical_group_list>
      <logical_group id="lg-2" display="no" color="cyan">
         <name>.intvecs</name>
         <load_address>0x0</load_address>
         <run_address>0x0</run_address>
         <size>0xc0</size>
         <contents>
            <object_component_ref idref="oc-18"/>
         </contents>
      </logical_group>
      <logical_group id="lg-3" display="no" color="cyan">
         <name>.text</name>
         <load_address>0xc0</load_address>
         <run_address>0xc0</run_address>
         <size>0x408</size>
         <contents>
            <object_component_ref idref="oc-cd"/>
            <object_component_ref idref="oc-af"/>
            <object_component_ref idref="oc-63"/>
            <object_component_ref idref="oc-ad"/>
            <object_component_ref idref="oc-92"/>
            <object_component_ref idref="oc-81"/>
            <object_component_ref idref="oc-ac"/>
            <object_component_ref idref="oc-87"/>
            <object_component_ref idref="oc-ab"/>
            <object_component_ref idref="oc-4f"/>
            <object_component_ref idref="oc-7c"/>
            <object_component_ref idref="oc-cf"/>
            <object_component_ref idref="oc-cc"/>
            <object_component_ref idref="oc-ce"/>
            <object_component_ref idref="oc-46"/>
            <object_component_ref idref="oc-33"/>
            <object_component_ref idref="oc-b3"/>
            <object_component_ref idref="oc-c8"/>
            <object_component_ref idref="oc-2f"/>
            <object_component_ref idref="oc-5f"/>
            <object_component_ref idref="oc-8b"/>
         </contents>
      </logical_group>
      <logical_group id="lg-4" display="no" color="cyan">
         <name>.const</name>
         <run_address>0x0</run_address>
         <size>0x0</size>
         <contents>
         </contents>
      </logical_group>
      <logical_group id="lg-5" display="no" color="cyan">
         <name>.cinit</name>
         <load_address>0x4d8</load_address>
         <run_address>0x4d8</run_address>
         <size>0x18</size>
         <contents>
            <object_component_ref idref="oc-121"/>
            <object_component_ref idref="oc-11f"/>
            <object_component_ref idref="oc-120"/>
         </contents>
      </logical_group>
      <logical_group id="lg-6" display="no" color="cyan">
         <name>.pinit</name>
         <run_address>0x0</run_address>
         <size>0x0</size>
         <contents>
         </contents>
      </logical_group>
      <logical_group id="lg-7" display="no" color="cyan">
         <name>.rodata</name>
         <load_address>0x4c8</load_address>
         <run_address>0x4c8</run_address>
         <size>0x10</size>
         <contents>
            <object_component_ref idref="oc-d1"/>
            <object_component_ref idref="oc-d0"/>
         </contents>
      </logical_group>
      <logical_group id="lg-8" display="no" color="cyan">
         <name>.ARM.exidx</name>
         <run_address>0x0</run_address>
         <size>0x0</size>
         <contents>
         </contents>
      </logical_group>
      <logical_group id="lg-9" display="no" color="cyan">
         <name>.init_array</name>
         <run_address>0x0</run_address>
         <size>0x0</size>
         <contents>
         </contents>
      </logical_group>
      <logical_group id="lg-a" display="no" color="cyan">
         <name>.binit</name>
         <load_address>0x0</load_address>
         <run_address>0x0</run_address>
         <size>0x0</size>
         <contents>
            <object_component_ref idref="oc-e9"/>
         </contents>
      </logical_group>
      <logical_group id="lg-b" display="no" color="cyan">
         <name>.TI.ramfunc</name>
         <run_address>0x0</run_address>
         <size>0x0</size>
         <contents>
         </contents>
      </logical_group>
      <logical_group id="lg-c" display="no" color="cyan">
         <name>.vtable</name>
         <run_address>0x0</run_address>
         <size>0x0</size>
         <contents>
         </contents>
      </logical_group>
      <logical_group id="lg-d" display="no" color="cyan">
         <name>.args</name>
         <run_address>0x0</run_address>
         <size>0x0</size>
         <contents>
         </contents>
      </logical_group>
      <logical_group id="lg-e" display="no" color="cyan">
         <name>.data</name>
         <run_address>0x0</run_address>
         <size>0x0</size>
         <contents>
         </contents>
      </logical_group>
      <logical_group id="lg-f" display="no" color="cyan">
         <name>.bss</name>
         <run_address>0x20200000</run_address>
         <size>0xbc</size>
         <contents>
            <object_component_ref idref="oc-b0"/>
         </contents>
      </logical_group>
      <logical_group id="lg-10" display="no" color="cyan">
         <name>.sysmem</name>
         <run_address>0x0</run_address>
         <size>0x0</size>
         <contents>
         </contents>
      </logical_group>
      <logical_group id="lg-11" display="no" color="cyan">
         <name>.stack</name>
         <run_address>0x20203e00</run_address>
         <size>0x200</size>
         <contents>
            <object_component_ref idref="oc-1a"/>
            <object_component_ref idref="oc-123"/>
         </contents>
      </logical_group>
      <logical_group id="lg-12" display="no" color="cyan">
         <name>.BCRConfig</name>
         <run_address>0x0</run_address>
         <size>0x0</size>
         <contents>
         </contents>
      </logical_group>
      <logical_group id="lg-13" display="no" color="cyan">
         <name>.BSLConfig</name>
         <run_address>0x0</run_address>
         <size>0x0</size>
         <contents>
         </contents>
      </logical_group>
      <logical_group id="lg-e0" display="no" color="cyan">
         <name>.TI.noinit</name>
         <run_address>0x0</run_address>
         <size>0x0</size>
         <contents>
         </contents>
      </logical_group>
      <logical_group id="lg-e1" display="no" color="cyan">
         <name>.TI.persistent</name>
         <run_address>0x0</run_address>
         <size>0x0</size>
         <contents>
         </contents>
      </logical_group>
      <logical_group id="lg-e2" display="no" color="cyan">
         <name>.TI.local</name>
         <run_address>0x0</run_address>
         <size>0x0</size>
         <contents>
         </contents>
      </logical_group>
      <logical_group id="lg-e3" display="no" color="cyan">
         <name>.TI.onchip</name>
         <run_address>0x0</run_address>
         <size>0x0</size>
         <contents>
         </contents>
      </logical_group>
      <logical_group id="lg-e4" display="no" color="cyan">
         <name>.TI.offchip</name>
         <run_address>0x0</run_address>
         <size>0x0</size>
         <contents>
         </contents>
      </logical_group>
      <logical_group id="lg-e5" display="no" color="cyan">
         <name>__llvm_prf_cnts</name>
         <run_address>0x20200000</run_address>
         <size>0x0</size>
         <contents>
         </contents>
      </logical_group>
      <logical_group id="lg-e7" display="no" color="cyan">
         <name>__llvm_prf_bits</name>
         <run_address>0x20200000</run_address>
         <size>0x0</size>
         <contents>
         </contents>
      </logical_group>
      <logical_group id="lg-103" display="never" color="cyan">
         <name>.debug_loc</name>
         <load_address>0x0</load_address>
         <run_address>0x0</run_address>
         <size>0x2084</size>
         <contents>
            <object_component_ref idref="oc-ae"/>
            <object_component_ref idref="oc-8a"/>
            <object_component_ref idref="oc-84"/>
            <object_component_ref idref="oc-df"/>
            <object_component_ref idref="oc-b6"/>
            <object_component_ref idref="oc-3a"/>
            <object_component_ref idref="oc-96"/>
            <object_component_ref idref="oc-49"/>
            <object_component_ref idref="oc-91"/>
         </contents>
      </logical_group>
      <logical_group id="lg-105" display="never" color="cyan">
         <name>.debug_abbrev</name>
         <load_address>0x0</load_address>
         <run_address>0x0</run_address>
         <size>0xb0a</size>
         <contents>
            <object_component_ref idref="oc-b1"/>
            <object_component_ref idref="oc-34"/>
            <object_component_ref idref="oc-88"/>
            <object_component_ref idref="oc-b9"/>
            <object_component_ref idref="oc-dd"/>
            <object_component_ref idref="oc-d2"/>
            <object_component_ref idref="oc-36"/>
            <object_component_ref idref="oc-c1"/>
            <object_component_ref idref="oc-7a"/>
            <object_component_ref idref="oc-58"/>
            <object_component_ref idref="oc-bb"/>
            <object_component_ref idref="oc-125"/>
         </contents>
      </logical_group>
      <logical_group id="lg-107" display="never" color="cyan">
         <name>.debug_info</name>
         <load_address>0x0</load_address>
         <run_address>0x0</run_address>
         <size>0x8100</size>
         <contents>
            <object_component_ref idref="oc-7d"/>
            <object_component_ref idref="oc-19"/>
            <object_component_ref idref="oc-64"/>
            <object_component_ref idref="oc-86"/>
            <object_component_ref idref="oc-cb"/>
            <object_component_ref idref="oc-b4"/>
            <object_component_ref idref="oc-1b"/>
            <object_component_ref idref="oc-95"/>
            <object_component_ref idref="oc-62"/>
            <object_component_ref idref="oc-4a"/>
            <object_component_ref idref="oc-8d"/>
            <object_component_ref idref="oc-124"/>
         </contents>
      </logical_group>
      <logical_group id="lg-109" display="never" color="cyan">
         <name>.debug_ranges</name>
         <load_address>0x0</load_address>
         <run_address>0x0</run_address>
         <size>0x2b0</size>
         <contents>
            <object_component_ref idref="oc-7e"/>
            <object_component_ref idref="oc-30"/>
            <object_component_ref idref="oc-65"/>
            <object_component_ref idref="oc-82"/>
            <object_component_ref idref="oc-b5"/>
            <object_component_ref idref="oc-39"/>
            <object_component_ref idref="oc-94"/>
            <object_component_ref idref="oc-48"/>
            <object_component_ref idref="oc-8c"/>
         </contents>
      </logical_group>
      <logical_group id="lg-10b" display="never" color="cyan">
         <name>.debug_str</name>
         <load_address>0x0</load_address>
         <run_address>0x0</run_address>
         <size>0x507d</size>
         <contents>
            <object_component_ref idref="oc-b2"/>
            <object_component_ref idref="oc-35"/>
            <object_component_ref idref="oc-89"/>
            <object_component_ref idref="oc-ba"/>
            <object_component_ref idref="oc-de"/>
            <object_component_ref idref="oc-d3"/>
            <object_component_ref idref="oc-37"/>
            <object_component_ref idref="oc-c2"/>
            <object_component_ref idref="oc-7b"/>
            <object_component_ref idref="oc-59"/>
            <object_component_ref idref="oc-bc"/>
         </contents>
      </logical_group>
      <logical_group id="lg-10d" display="never" color="cyan">
         <name>.debug_frame</name>
         <load_address>0x0</load_address>
         <run_address>0x0</run_address>
         <size>0x770</size>
         <contents>
            <object_component_ref idref="oc-80"/>
            <object_component_ref idref="oc-31"/>
            <object_component_ref idref="oc-66"/>
            <object_component_ref idref="oc-83"/>
            <object_component_ref idref="oc-c9"/>
            <object_component_ref idref="oc-b8"/>
            <object_component_ref idref="oc-4e"/>
            <object_component_ref idref="oc-97"/>
            <object_component_ref idref="oc-60"/>
            <object_component_ref idref="oc-47"/>
            <object_component_ref idref="oc-8e"/>
         </contents>
      </logical_group>
      <logical_group id="lg-10f" display="never" color="cyan">
         <name>.debug_line</name>
         <load_address>0x0</load_address>
         <run_address>0x0</run_address>
         <size>0x297c</size>
         <contents>
            <object_component_ref idref="oc-7f"/>
            <object_component_ref idref="oc-32"/>
            <object_component_ref idref="oc-67"/>
            <object_component_ref idref="oc-85"/>
            <object_component_ref idref="oc-ca"/>
            <object_component_ref idref="oc-b7"/>
            <object_component_ref idref="oc-38"/>
            <object_component_ref idref="oc-93"/>
            <object_component_ref idref="oc-61"/>
            <object_component_ref idref="oc-4b"/>
            <object_component_ref idref="oc-8f"/>
         </contents>
      </logical_group>
      <logical_group id="lg-122" display="no" color="cyan">
         <name>Veneer$$CMSE</name>
         <run_address>0x0</run_address>
         <size>0x0</size>
         <contents>
         </contents>
      </logical_group>
      <load_segment id="lg-129" display="no" color="cyan">
         <name>SEGMENT_0</name>
         <load_address>0x0</load_address>
         <run_address>0x0</run_address>
         <size>0x4f0</size>
         <flags>0x5</flags>
         <contents>
            <logical_group_ref idref="lg-2"/>
            <logical_group_ref idref="lg-3"/>
            <logical_group_ref idref="lg-7"/>
            <logical_group_ref idref="lg-5"/>
         </contents>
      </load_segment>
      <load_segment id="lg-12a" display="no" color="cyan">
         <name>SEGMENT_1</name>
         <run_address>0x20200000</run_address>
         <size>0xbc</size>
         <flags>0x6</flags>
         <contents>
            <logical_group_ref idref="lg-f"/>
         </contents>
      </load_segment>
      <load_segment id="lg-12b" display="no" color="cyan">
         <name>SEGMENT_2</name>
         <run_address>0x20203e00</run_address>
         <size>0x200</size>
         <flags>0x6</flags>
         <contents>
            <logical_group_ref idref="lg-11"/>
         </contents>
      </load_segment>
   </logical_group_list>
   <placement_map>
      <memory_area display="yes" color="green">
         <name>FLASH</name>
         <page_id>0x0</page_id>
         <origin>0x0</origin>
         <length>0x8000</length>
         <used_space>0x4f0</used_space>
         <unused_space>0x7b10</unused_space>
         <attributes>RX</attributes>
         <usage_details>
            <allocated_space>
               <start_address>0x0</start_address>
               <size>0x0</size>
               <logical_group_ref idref="lg-a"/>
            </allocated_space>
            <allocated_space>
               <start_address>0x0</start_address>
               <size>0xc0</size>
               <logical_group_ref idref="lg-2"/>
            </allocated_space>
            <allocated_space>
               <start_address>0xc0</start_address>
               <size>0x408</size>
               <logical_group_ref idref="lg-3"/>
            </allocated_space>
            <allocated_space>
               <start_address>0x4c8</start_address>
               <size>0x10</size>
               <logical_group_ref idref="lg-7"/>
            </allocated_space>
            <allocated_space>
               <start_address>0x4d8</start_address>
               <size>0x18</size>
               <logical_group_ref idref="lg-5"/>
            </allocated_space>
            <available_space>
               <start_address>0x4f0</start_address>
               <size>0x7b10</size>
            </available_space>
         </usage_details>
      </memory_area>
      <memory_area display="yes" color="green">
         <name>SRAM</name>
         <page_id>0x0</page_id>
         <origin>0x20200000</origin>
         <length>0x4000</length>
         <used_space>0x2bc</used_space>
         <unused_space>0x3d44</unused_space>
         <attributes>RWX</attributes>
         <usage_details>
            <allocated_space>
               <start_address>0x20200000</start_address>
               <size>0x0</size>
               <logical_group_ref idref="lg-e5"/>
            </allocated_space>
            <allocated_space>
               <start_address>0x20200000</start_address>
               <size>0x0</size>
               <logical_group_ref idref="lg-e7"/>
            </allocated_space>
            <allocated_space>
               <start_address>0x20200000</start_address>
               <size>0xbc</size>
               <logical_group_ref idref="lg-f"/>
            </allocated_space>
            <available_space>
               <start_address>0x202000bc</start_address>
               <size>0x3d44</size>
            </available_space>
            <allocated_space>
               <start_address>0x20203e00</start_address>
               <size>0x200</size>
               <logical_group_ref idref="lg-11"/>
            </allocated_space>
         </usage_details>
      </memory_area>
      <memory_area display="yes" color="green">
         <name>BCR_CONFIG</name>
         <page_id>0x0</page_id>
         <origin>0x41c00000</origin>
         <length>0x80</length>
         <used_space>0x0</used_space>
         <unused_space>0x80</unused_space>
         <attributes>R</attributes>
         <usage_details>
         </usage_details>
      </memory_area>
      <memory_area display="yes" color="green">
         <name>BSL_CONFIG</name>
         <page_id>0x0</page_id>
         <origin>0x41c00100</origin>
         <length>0x80</length>
         <used_space>0x0</used_space>
         <unused_space>0x80</unused_space>
         <attributes>R</attributes>
         <usage_details>
         </usage_details>
      </memory_area>
   </placement_map>
   <cptbl_list>
      <cptbl>
         <name>__TI_cinit_table</name>
         <cprec>
            <name>.bss</name>
            <load_address>0x4d8</load_address>
            <load_size>0x8</load_size>
            <run_address>0x20200000</run_address>
            <run_size>0xbc</run_size>
            <compression>zero_init</compression>
         </cprec>
      </cptbl>
   </cptbl_list>
   <handler_table>
      <handler_table_name>__TI_handler_table</handler_table_name>
      <handler>
         <index>0x0</index>
         <name>__TI_zero_init</name>
      </handler>
   </handler_table>
   <symbol_table>
      <symbol id="sm-1">
         <name>__start___llvm_prf_cnts</name>
         <value>0x20200000</value>
      </symbol>
      <symbol id="sm-2">
         <name>__stop___llvm_prf_cnts</name>
         <value>0x20200000</value>
      </symbol>
      <symbol id="sm-3">
         <name>__start___llvm_prf_bits</name>
         <value>0x20200000</value>
      </symbol>
      <symbol id="sm-4">
         <name>__stop___llvm_prf_bits</name>
         <value>0x20200000</value>
      </symbol>
      <symbol id="sm-5">
         <name>__TI_CINIT_Base</name>
         <value>0x4e4</value>
      </symbol>
      <symbol id="sm-6">
         <name>__TI_CINIT_Limit</name>
         <value>0x4ec</value>
      </symbol>
      <symbol id="sm-7">
         <name>__TI_CINIT_Warm</name>
         <value>0x4ec</value>
      </symbol>
      <symbol id="sm-8">
         <name>__TI_Handler_Table_Base</name>
         <value>0x4e0</value>
      </symbol>
      <symbol id="sm-9">
         <name>__TI_Handler_Table_Limit</name>
         <value>0x4e4</value>
      </symbol>
      <symbol id="sm-a">
         <name>binit</name>
         <value>0xffffffff</value>
      </symbol>
      <symbol id="sm-b">
         <name>__binit__</name>
         <value>0xffffffff</value>
      </symbol>
      <symbol id="sm-c">
         <name>__STACK_SIZE</name>
         <value>0x200</value>
      </symbol>
      <symbol id="sm-d">
         <name>__STACK_END</name>
         <value>0x20204000</value>
      </symbol>
      <symbol id="sm-e">
         <name>__TI_pprof_out_hndl</name>
         <value>0xffffffff</value>
      </symbol>
      <symbol id="sm-f">
         <name>__TI_prof_data_start</name>
         <value>0xffffffff</value>
      </symbol>
      <symbol id="sm-10">
         <name>__TI_prof_data_size</name>
         <value>0xffffffff</value>
      </symbol>
      <symbol id="sm-4c">
         <name>SYSCFG_DL_init</name>
         <value>0x415</value>
         <object_component_ref idref="oc-7c"/>
      </symbol>
      <symbol id="sm-4d">
         <name>SYSCFG_DL_initPower</name>
         <value>0x3b9</value>
         <object_component_ref idref="oc-ab"/>
      </symbol>
      <symbol id="sm-4e">
         <name>SYSCFG_DL_GPIO_init</name>
         <value>0x34d</value>
         <object_component_ref idref="oc-ac"/>
      </symbol>
      <symbol id="sm-4f">
         <name>SYSCFG_DL_SYSCTL_init</name>
         <value>0x299</value>
         <object_component_ref idref="oc-ad"/>
      </symbol>
      <symbol id="sm-50">
         <name>SYSCFG_DL_PWM_1_init</name>
         <value>0x1c9</value>
         <object_component_ref idref="oc-af"/>
      </symbol>
      <symbol id="sm-51">
         <name>gPWM_1Backup</name>
         <value>0x20200000</value>
      </symbol>
      <symbol id="sm-5c">
         <name>Default_Handler</name>
         <value>0x49b</value>
         <object_component_ref idref="oc-33"/>
      </symbol>
      <symbol id="sm-5d">
         <name>Reset_Handler</name>
         <value>0x4b7</value>
         <object_component_ref idref="oc-2f"/>
      </symbol>
      <symbol id="sm-5e">
         <name>interruptVectors</name>
         <value>0x0</value>
         <object_component_ref idref="oc-18"/>
      </symbol>
      <symbol id="sm-5f">
         <name>NMI_Handler</name>
         <value>0x49b</value>
         <object_component_ref idref="oc-33"/>
      </symbol>
      <symbol id="sm-60">
         <name>HardFault_Handler</name>
         <value>0x49b</value>
         <object_component_ref idref="oc-33"/>
      </symbol>
      <symbol id="sm-61">
         <name>SVC_Handler</name>
         <value>0x49b</value>
         <object_component_ref idref="oc-33"/>
      </symbol>
      <symbol id="sm-62">
         <name>PendSV_Handler</name>
         <value>0x49b</value>
         <object_component_ref idref="oc-33"/>
      </symbol>
      <symbol id="sm-63">
         <name>SysTick_Handler</name>
         <value>0x49b</value>
         <object_component_ref idref="oc-33"/>
      </symbol>
      <symbol id="sm-64">
         <name>GROUP0_IRQHandler</name>
         <value>0x49b</value>
         <object_component_ref idref="oc-33"/>
      </symbol>
      <symbol id="sm-65">
         <name>GROUP1_IRQHandler</name>
         <value>0x49b</value>
         <object_component_ref idref="oc-33"/>
      </symbol>
      <symbol id="sm-66">
         <name>TIMG8_IRQHandler</name>
         <value>0x49b</value>
         <object_component_ref idref="oc-33"/>
      </symbol>
      <symbol id="sm-67">
         <name>UART3_IRQHandler</name>
         <value>0x49b</value>
         <object_component_ref idref="oc-33"/>
      </symbol>
      <symbol id="sm-68">
         <name>ADC0_IRQHandler</name>
         <value>0x49b</value>
         <object_component_ref idref="oc-33"/>
      </symbol>
      <symbol id="sm-69">
         <name>ADC1_IRQHandler</name>
         <value>0x49b</value>
         <object_component_ref idref="oc-33"/>
      </symbol>
      <symbol id="sm-6a">
         <name>CANFD0_IRQHandler</name>
         <value>0x49b</value>
         <object_component_ref idref="oc-33"/>
      </symbol>
      <symbol id="sm-6b">
         <name>DAC0_IRQHandler</name>
         <value>0x49b</value>
         <object_component_ref idref="oc-33"/>
      </symbol>
      <symbol id="sm-6c">
         <name>SPI0_IRQHandler</name>
         <value>0x49b</value>
         <object_component_ref idref="oc-33"/>
      </symbol>
      <symbol id="sm-6d">
         <name>SPI1_IRQHandler</name>
         <value>0x49b</value>
         <object_component_ref idref="oc-33"/>
      </symbol>
      <symbol id="sm-6e">
         <name>UART1_IRQHandler</name>
         <value>0x49b</value>
         <object_component_ref idref="oc-33"/>
      </symbol>
      <symbol id="sm-6f">
         <name>UART2_IRQHandler</name>
         <value>0x49b</value>
         <object_component_ref idref="oc-33"/>
      </symbol>
      <symbol id="sm-70">
         <name>UART0_IRQHandler</name>
         <value>0x49b</value>
         <object_component_ref idref="oc-33"/>
      </symbol>
      <symbol id="sm-71">
         <name>TIMG0_IRQHandler</name>
         <value>0x49b</value>
         <object_component_ref idref="oc-33"/>
      </symbol>
      <symbol id="sm-72">
         <name>TIMG6_IRQHandler</name>
         <value>0x49b</value>
         <object_component_ref idref="oc-33"/>
      </symbol>
      <symbol id="sm-73">
         <name>TIMA0_IRQHandler</name>
         <value>0x49b</value>
         <object_component_ref idref="oc-33"/>
      </symbol>
      <symbol id="sm-74">
         <name>TIMA1_IRQHandler</name>
         <value>0x49b</value>
         <object_component_ref idref="oc-33"/>
      </symbol>
      <symbol id="sm-75">
         <name>TIMG7_IRQHandler</name>
         <value>0x49b</value>
         <object_component_ref idref="oc-33"/>
      </symbol>
      <symbol id="sm-76">
         <name>TIMG12_IRQHandler</name>
         <value>0x49b</value>
         <object_component_ref idref="oc-33"/>
      </symbol>
      <symbol id="sm-77">
         <name>I2C0_IRQHandler</name>
         <value>0x49b</value>
         <object_component_ref idref="oc-33"/>
      </symbol>
      <symbol id="sm-78">
         <name>I2C1_IRQHandler</name>
         <value>0x49b</value>
         <object_component_ref idref="oc-33"/>
      </symbol>
      <symbol id="sm-79">
         <name>AES_IRQHandler</name>
         <value>0x49b</value>
         <object_component_ref idref="oc-33"/>
      </symbol>
      <symbol id="sm-7a">
         <name>RTC_IRQHandler</name>
         <value>0x49b</value>
         <object_component_ref idref="oc-33"/>
      </symbol>
      <symbol id="sm-7b">
         <name>DMA_IRQHandler</name>
         <value>0x49b</value>
         <object_component_ref idref="oc-33"/>
      </symbol>
      <symbol id="sm-86">
         <name>main</name>
         <value>0x249</value>
         <object_component_ref idref="oc-63"/>
      </symbol>
      <symbol id="sm-94">
         <name>A_control</name>
         <value>0x315</value>
         <object_component_ref idref="oc-81"/>
      </symbol>
      <symbol id="sm-95">
         <name>B_control</name>
         <value>0x385</value>
         <object_component_ref idref="oc-87"/>
      </symbol>
      <symbol id="sm-96">
         <name>__TI_ATRegion0_src_addr</name>
         <value>0x0</value>
      </symbol>
      <symbol id="sm-97">
         <name>__TI_ATRegion0_trg_addr</name>
         <value>0x0</value>
      </symbol>
      <symbol id="sm-98">
         <name>__TI_ATRegion0_region_sz</name>
         <value>0x0</value>
      </symbol>
      <symbol id="sm-99">
         <name>__TI_ATRegion1_src_addr</name>
         <value>0x0</value>
      </symbol>
      <symbol id="sm-9a">
         <name>__TI_ATRegion1_trg_addr</name>
         <value>0x0</value>
      </symbol>
      <symbol id="sm-9b">
         <name>__TI_ATRegion1_region_sz</name>
         <value>0x0</value>
      </symbol>
      <symbol id="sm-9c">
         <name>__TI_ATRegion2_src_addr</name>
         <value>0x0</value>
      </symbol>
      <symbol id="sm-9d">
         <name>__TI_ATRegion2_trg_addr</name>
         <value>0x0</value>
      </symbol>
      <symbol id="sm-9e">
         <name>__TI_ATRegion2_region_sz</name>
         <value>0x0</value>
      </symbol>
      <symbol id="sm-a7">
         <name>DL_Common_delayCycles</name>
         <value>0x4ad</value>
         <object_component_ref idref="oc-c8"/>
      </symbol>
      <symbol id="sm-be">
         <name>DL_Timer_setClockConfig</name>
         <value>0x451</value>
         <object_component_ref idref="oc-cc"/>
      </symbol>
      <symbol id="sm-bf">
         <name>DL_Timer_setCaptureCompareValue</name>
         <value>0x49d</value>
         <object_component_ref idref="oc-b3"/>
      </symbol>
      <symbol id="sm-c0">
         <name>DL_Timer_setCaptCompUpdateMethod</name>
         <value>0x435</value>
         <object_component_ref idref="oc-cf"/>
      </symbol>
      <symbol id="sm-c1">
         <name>DL_Timer_setCaptureCompareOutCtl</name>
         <value>0x46d</value>
         <object_component_ref idref="oc-ce"/>
      </symbol>
      <symbol id="sm-c2">
         <name>DL_Timer_initFourCCPWMMode</name>
         <value>0xc1</value>
         <object_component_ref idref="oc-cd"/>
      </symbol>
      <symbol id="sm-cd">
         <name>_c_int00_noargs</name>
         <value>0x3ed</value>
         <object_component_ref idref="oc-4f"/>
      </symbol>
      <symbol id="sm-ce">
         <name>__stack</name>
         <value>0x20203e00</value>
         <object_component_ref idref="oc-1a"/>
      </symbol>
      <symbol id="sm-da">
         <name>__TI_auto_init_nobinit_nopinit</name>
         <value>0x2d9</value>
         <object_component_ref idref="oc-92"/>
      </symbol>
      <symbol id="sm-e2">
         <name>_system_pre_init</name>
         <value>0x4bb</value>
         <object_component_ref idref="oc-5f"/>
      </symbol>
      <symbol id="sm-ed">
         <name>__TI_zero_init_nomemset</name>
         <value>0x485</value>
         <object_component_ref idref="oc-46"/>
      </symbol>
      <symbol id="sm-f9">
         <name>abort</name>
         <value>0x4bf</value>
         <object_component_ref idref="oc-8b"/>
      </symbol>
      <symbol id="sm-fa">
         <name>C$$EXIT</name>
         <value>0x4be</value>
         <object_component_ref idref="oc-8b"/>
      </symbol>
      <symbol id="sm-fd">
         <name>__TI_static_base__</name>
         <value>0x0</value>
      </symbol>
      <symbol id="sm-ff">
         <name>__mpu_init</name>
         <value>0x0</value>
      </symbol>
      <symbol id="sm-100">
         <name>_system_post_cinit</name>
         <value>0x0</value>
      </symbol>
   </symbol_table>
   <title>Link successful</title>
</link_info>
